{"initial_time": {"Clique topology with 4 switches": {"8": [109.07947397232056, 110.09932804107666], "2": [17.127979040145874, 17.57329487800598], "4": [37.7875919342041, 39.27068114280701], "10": [162.59321784973145, 166.99830293655396], "6": [68.65162086486816, 71.98975491523743]}}}