{"initial_time": {"Clique topology with 4 switches": {"25": [1030.7994139194489, 1052.7775690555573], "20": [631.6388680934906, 644.1938610076904], "4": [37.7875919342041, 39.27068114280701], "10": [162.59321784973145, 166.99830293655396], "8": [109.07947397232056, 110.09932804107666], "16": [398.91489601135254, 412.30941700935364]}}}