{"initial_time": {"Clique topology": {"8": [109.07947397232056, 110.09932804107666], "4": [37.7875919342041, 39.27068114280701], "10": [162.59321784973145, 166.99830293655396]}}}
