{"validation_time": {"# Policy Statements:12": {"9": [1.7071080207824707, 1.6922869682312012, 1.714616060256958, 1.5444519519805908, 1.7063519954681396, 1.701807975769043, 1.6968820095062256, 1.7012760639190674, 1.706416130065918, 1.6880249977111816], "3": [0.5302619934082031, 0.5317938327789307, 0.596336841583252, 0.5341930389404297, 0.5352389812469482, 0.5343339443206787, 0.5960149765014648, 0.5363280773162842, 0.5337691307067871, 0.5337331295013428], "6": [1.007979154586792, 1.0222079753875732, 1.0161540508270264, 1.0163590908050537, 1.0155370235443115, 1.0130140781402588, 1.0152978897094727, 0.9191539287567139, 1.015988826751709, 1.0158028602600098]}, "# Policy Statements:39": {"9": [8.872833013534546, 8.85053300857544, 8.900458812713623, 8.913488864898682, 8.864461183547974, 8.889033079147339, 8.941354990005493, 8.49655795097351, 8.886826992034912, 8.900177955627441], "3": [3.3418009281158447, 3.330087184906006, 3.1541900634765625, 3.3624958992004395, 3.3529410362243652, 3.1591219902038574, 3.3801000118255615, 3.346695899963379, 3.1714258193969727, 3.3539021015167236], "6": [5.737877130508423, 6.032339811325073, 5.7488319873809814, 5.7418599128723145, 5.764278888702393, 5.7336390018463135, 5.729387044906616, 5.700662136077881, 5.990551948547363, 5.698918104171753]}}, "initialization_time": {"# Policy Statements:12": {"9": [527.9031620025635], "3": [17.311455965042114], "6": [111.20678806304932]}, "# Policy Statements:39": {"9": [1213.9073600769043], "3": [66.91844010353088], "6": [297.6013422012329]}}}