{"validation_time": {"# Policy Statements:12": {"12": [2.613363027572632, 2.398063898086548, 2.612720012664795, 2.703050136566162, 2.635488986968994, 2.3805789947509766, 2.629796028137207, 2.601231098175049, 2.6521379947662354, 2.4133100509643555]}, "# Policy Statements:147": {"12": [78.38082599639893, 79.18396997451782, 79.26012301445007, 78.39677405357361, 79.60662007331848, 78.25692701339722, 79.41595792770386, 79.23915219306946, 78.19540214538574, 79.33534407615662]}, "# Policy Statements:228": {"12": [155.59758710861206, 155.1311800479889, 152.55201506614685, 154.788321018219, 155.3048119544983, 154.69991612434387, 154.87030816078186, 155.14087390899658, 154.5693600177765, 154.5861427783966]}, "# Policy Statements:39": {"12": [12.50478219985962, 12.904541015625, 13.022088050842285, 12.605281829833984, 12.979298114776611, 12.630589008331299, 13.018864870071411, 12.620877981185913, 12.92373013496399, 12.51847505569458]}, "# Policy Statements:84": {"12": [36.90067410469055, 36.91404700279236, 36.97982406616211, 37.72143006324768, 36.8214328289032, 36.87218999862671, 36.72904109954834, 36.659042835235596, 37.44836688041687, 36.8013858795166]}}, "initialization_time": {"# Policy Statements:12": {"12": [1961.2862179279327]}, "# Policy Statements:147": {"12": [10202.03523516655]}, "# Policy Statements:228": {"12": [14287.433984994888]}, "# Policy Statements:39": {"12": [4197.325399160385]}, "# Policy Statements:84": {"12": [6944.01878619194]}}}