{"validation_time": {"# Policy Statements:84": {"9": [26.777693033218384, 26.250859022140503, 26.112589120864868, 26.536003828048706, 25.99299693107605, 26.013894081115723, 26.550615072250366, 26.03746795654297, 26.485814809799194, 25.983091115951538], "3": [9.844396114349365, 9.86197304725647, 9.870625972747803, 9.900140047073364, 9.864681959152222, 9.853348016738892, 9.854043006896973, 9.85588812828064, 9.840110063552856, 9.856992959976196], "6": [18.075947999954224, 17.82483696937561, 17.857335805892944, 17.74839997291565, 17.90945291519165, 18.00737190246582, 17.966175079345703, 17.98094892501831, 17.8964900970459, 17.93572998046875]}}, "initialization_time": {"# Policy Statements:84": {"9": [2130.529714822769], "3": [179.36530804634094], "6": [604.5728378295898]}}}