{"validation_time": {"# Policy Statements:327": {"9": [207.65058398246765, 208.0962038040161, 208.4287450313568, 207.92653489112854, 207.9007170200348, 205.46695804595947, 206.67491602897644, 205.40539383888245, 205.2089719772339, 206.71566104888916], "3": [80.95832204818726, 81.53072190284729, 81.03701615333557, 81.56614899635315, 81.04537105560303, 80.65753102302551, 78.65957498550415, 78.21795916557312, 77.91719508171082, 78.30856680870056], "6": [140.98628997802734, 140.86105608940125, 140.5197458267212, 140.832111120224, 140.2199878692627, 140.99206590652466, 141.1061658859253, 141.16578698158264, 141.06550097465515, 140.84648299217224]}}, "initialization_time": {"# Policy Statements:327": {"9": [7931.410892009735], "3": [1682.6404919624329], "6": [3240.8812971115112]}}}