{"validation_time": {"# Policy Statements:147": {"9": [58.82412099838257, 59.100836992263794, 59.12052607536316, 58.63346886634827, 58.81622290611267, 58.50302600860596, 58.37876892089844, 58.56995606422424, 58.84156394004822, 58.93452191352844], "3": [23.041534900665283, 22.87030005455017, 23.118257999420166, 22.701627016067505, 22.992645025253296, 22.762542009353638, 23.050177812576294, 22.84221911430359, 23.076755046844482, 22.87712001800537], "6": [40.40406012535095, 40.94986391067505, 41.06942915916443, 40.82117319107056, 40.054494857788086, 40.11838889122009, 39.67813491821289, 39.51618504524231, 38.99876308441162, 39.35536503791809]}, "# Policy Statements:228": {"9": [115.35045599937439, 116.36308598518372, 119.21574282646179, 116.29540085792542, 116.46824479103088, 116.17150211334229, 116.96875, 118.43797421455383, 116.45573282241821, 117.46668696403503], "3": [45.02991986274719, 44.91668391227722, 45.02491903305054, 45.23810601234436, 44.971110820770264, 45.042482137680054, 45.01738214492798, 45.71701192855835, 45.76523399353027, 44.777104139328], "6": [80.35004782676697, 80.76347303390503, 78.12153387069702, 79.40515303611755, 79.6839280128479, 80.06704998016357, 79.2480399608612, 80.77745509147644, 79.52806091308594, 79.17994594573975]}}, "initialization_time": {"# Policy Statements:147": {"9": [3372.48144197464], "3": [399.9495289325714], "6": [1090.0839610099792]}, "# Policy Statements:228": {"9": [5035.269423007965], "3": [812.7461621761322], "6": [1830.0085217952728]}}}