{"validation_time": {"# Policy Statements:327": {"12": [258.7548668384552, 261.37139081954956, 259.7990291118622, 260.10450887680054, 260.97141003608704, 260.64703702926636, 263.3706040382385, 261.28682804107666, 262.40558099746704, 261.7068040370941]}}, "initialization_time": {"# Policy Statements:327": {"12": [19064.919527053833]}}}