{"validation_time": {"Ring topology with 8 switches": {"2": [14362.906722068787], "4": [84504.39163208008], "6": []}, "Clos topology with 21 switches": {"2": []}, "Clos topology with 7 switches": {"8": [14303.53334903717, 14346.774048089981], "6": [6505.361621856689, 6594.372936010361], "2": [752.2413940429688, 652.2878758907318], "4": [2926.0202448368073, 2577.866724014282], "10": [27984.36834192276, 26611.93158197403]}, "Ring topology with 12 switches": {"2": []}, "Clos topology with 14 switches": {"2": [44863.68543481827], "4": [214257.6567709446]}}, "incremental_time": {"Ring topology with 8 switches": {"2": [892.5932547152042, 864.3987942934036], "4": [5260.974282160401, 5034.758862018585], "6": [11448.61633247137, 10479.525003015995]}, "Clos topology with 21 switches": {"2": [3486.5699721872807, 3234.087953619335, 1741.1631560843923]}, "Clos topology with 7 switches": {"8": [705.4614091038704, 707.5429099798203], "6": [321.1959700703621, 325.6269302368164], "2": [37.157745158672334, 32.20239789485932], "4": [143.6830183506012, 126.75487253665924], "10": [1384.634804737568, 1314.6278103709221]}, "Ring topology with 12 switches": {"2": [6702.7077004909515, 6153.391655266285]}, "Clos topology with 14 switches": {"2": [559.0997295707464, 953.595247066021], "4": [2672.134055075049, 2043.741731607914, 1607.1524312615395]}}, "initial_time": {"Ring topology with 8 switches": {"2": [1144.4440379142761, 765.8917419910431], "4": [6549.999017953873, 6267.506198167801], "6": [20167.315135002136, 13383.796224832535]}, "Clos topology with 21 switches": {"2": [22177.528023004532, 26747.320630073547, 26268.784264087677]}, "Clos topology with 7 switches": {"8": [1349.0234098434448, 1258.7031090259552], "6": [600.5895822048187, 593.5259339809418], "2": [62.32850790023804, 61.27064085006714], "4": [272.2713620662689, 237.40821385383606], "10": [2230.1033668518066, 3731.523246049881]}, "Ring topology with 12 switches": {"2": [10715.78029704094, 12011.758687973022]}, "Clos topology with 14 switches": {"2": [1737.4655141830444, 3136.553442955017], "4": [10280.847770929337, 11640.152595043182, 11585.719857931137]}}}