{"validation_time": {"Ring topology with 8 switches": {"2": [], "4": []}}, "incremental_time": {"Ring topology with 8 switches": {"2": [864.39879429340363], "4": [5034.7588620185852]}}, "initial_time": {"Ring topology with 8 switches": {"2": [765.8917419910431], "4": [6267.506198167801]}}}