{"validation_time": {"Ring topology with 4 switches": {"8": [3025.4844880104065], "2": [295.2325999736786], "4": [1191.9683439731598], "10": [5792.332515001297], "6": [1357.2521181106567]}}, "incremental_time": {"Ring topology with 4 switches": {"8": [372.0857512652874], "2": [36.558411508798599], "4": [147.57248592376709], "10": [712.64495348930359], "6": [166.21836334466934]}}, "initial_time": {"Ring topology with 4 switches": {"8": [312.55019211769104], "2": [29.28287386894226], "4": [104.86327910423279], "10": [589.726389169693], "6": [154.65267896652222]}}}