{"validation_time": {"Ring topology with 4 switches": {"8": [2898.7099821567535], "2": [293.10628485679626], "4": [1148.563784122467], "10": [5913.102800130844], "6": [1330.4354507923126]}}, "incremental_time": {"Ring topology with 4 switches": {"8": [355.04406881332397], "2": [36.261071681976318], "4": [142.05563712120056], "10": [727.10819891095161], "6": [162.36902910470963]}}, "initial_time": {"Ring topology with 4 switches": {"8": [310.5387020111084], "2": [32.20013403892517], "4": [102.89139890670776], "10": [719.9660069942474], "6": [154.6368100643158]}}}