{"validation_time": {"Ring topology with 8 switches": {"2": [14362.906722068787], "4": [84504.39163208008]}}, "incremental_time": {"Ring topology with 8 switches": {"2": [892.59325471520424], "4": [5260.9742821604013]}}, "initial_time": {"Ring topology with 8 switches": {"2": [1144.4440379142761], "4": [6549.999017953873]}}}