{"validation_time": {"Ring topology with 8 switches": {"2": [14362.906722068787], "4": [84504.39163208008], "6": []}}, "initial_time": {"Ring topology with 8 switches": {"2": [1144.4440379142761], "4": [6549.999017953873], "6": [20167.315135002136]}}, "incremental_time": {"Ring topology with 8 switches": {"2": [892.5932547152042], "4": [5260.974282160401], "6": [11448.61633247137]}}}