{"validation_time": {"Ring topology with 8 switches": {"2": [], "4": [], "6": []}}, "initial_time": {"Ring topology with 8 switches": {"2": [765.8917419910431], "4": [6267.506198167801], "6": [13383.796224832535]}}, "incremental_time": {"Ring topology with 8 switches": {"2": [864.3987942934036], "4": [5034.758862018585], "6": [10479.525003015995]}}}