{"initial_time": {"Ring topology": {"2": [637.1353311538696, 639.0339958667755], "4": [1271.385530948639, 1270.834124803543], "6": [2598.393967151642, 2650.139948129654]}}}
