{"initial_time": {"Ring topology": {"8": [4595.389893054962, 4506.846632003784], "2": [637.1353311538696, 639.0339958667755], "4": [1271.385530948639, 1270.834124803543], "10": [6360.031441926956, 6039.844214916229], "6": [2598.393967151642, 2650.139948129654]}}}