{"validation_time": {"Clos topology with 7 switches": {"8": [14346.774048089981], "2": [652.2878758907318], "4": [2577.866724014282], "10": [26611.93158197403], "6": [6594.372936010361]}}, "incremental_time": {"Clos topology with 7 switches": {"8": [707.54290997982025], "2": [32.202397894859317], "4": [126.75487253665924], "10": [1314.6278103709221], "6": [325.62693023681641]}}, "initial_time": {"Clos topology with 7 switches": {"8": [1258.7031090259552], "2": [61.27064085006714], "4": [237.40821385383606], "10": [3731.523246049881], "6": [593.5259339809418]}}}