{"validation_time": {"Clos topology with 7 switches": {"8": [14303.53334903717], "2": [752.2413940429688], "4": [2926.0202448368073], "10": [27984.36834192276], "6": [6505.361621856689]}}, "incremental_time": {"Clos topology with 7 switches": {"8": [705.46140910387044], "2": [37.157745158672334], "4": [143.6830183506012], "10": [1384.6348047375679], "6": [321.19597007036208]}}, "initial_time": {"Clos topology with 7 switches": {"8": [1349.0234098434448], "2": [62.32850790023804], "4": [272.2713620662689], "10": [2230.1033668518066], "6": [600.5895822048187]}}}