{"validation_time": {"Clos topology with 14 switches": {"2": [44863.68543481827], "4": [214257.6567709446]}}, "initial_time": {"Clos topology with 14 switches": {"2": [1737.4655141830444], "4": [10280.847770929337]}}, "incremental_time": {"Clos topology with 14 switches": {"2": [559.0997295707464], "4": [2672.134055075049]}}}