{"validation_time": {"Clos topology with 14 switches": {"2": [], "4": []}}, "initial_time": {"Clos topology with 14 switches": {"2": [3136.553442955017], "4": [11640.152595043182]}}, "incremental_time": {"Clos topology with 14 switches": {"2": [953.595247066021], "4": [2043.741731607914]}}}