{"validation_time": {"Clos topology with 26 switches": {"2": []}}, "incremental_time": {"Clos topology with 26 switches": {"2": [84558.85510993004, 80779.10928606987, 22584.232647895813, 20946.383571863174, 41531.9132168293, 42139.034783124924, 33460.28733301163, 35863.086809158325, 0.0005588531494140625, 1.024049997329712, 42372.03455781937, 41232.234827041626, 154.24822402000427, 154.5547389984131, 43899.485953092575, 37655.47700595856, 147895.4391901493, 153826.91556692123, 51326.03254389763, 45981.589418172836, 25268.825970888138, 24816.9855260849, 26039.77471089363, 23133.29078888893, 182536.2204091549, 181398.65695500374, 25942.1244699955, 25452.517684936523]}}, "initial_time": {"Clos topology with 26 switches": {"2": [323836.1095919609]}}}
