{"validation_time": {"Clos topology with 14 switches": {"2": [44863.68543481827]}}, "incremental_time": {"Clos topology with 14 switches": {"2": [559.09972957074638]}}, "initial_time": {"Clos topology with 14 switches": {"2": [1737.4655141830444]}}}
