{"validation_time": {"Clos topology with 14 switches": {"4": [214257.6567709446]}}, "incremental_time": {"Clos topology with 14 switches": {"4": [2672.1340550750492]}}, "initial_time": {"Clos topology with 14 switches": {"4": [10280.847770929337]}}}
