{"initial_time": {"Clos topology with 14 switches": {"2": [2730.9941658973694, 2680.015529870987], "4": [6439.002604007721, 6440.645349979401]}}}
