{"initial_time": {"Clos topology with 14 switches": {"8": [10626.110116958618, 10641.9466], "2": [2730.9941658973694, 2680.015529870987], "4": [6439.002604007721, 6440.645349979401], "10": [22988.39612698555, 21078.26227903366], "6": [9047.937808990479, 9028.641468048096]}}}